Date,paid_search_impressions,paid_search_clicks,kwai_impressions,kwai_clicks,programmaticimpressions,programmaticclicks,affiliates_impressions,affiliates_clicks,indicacao_impressions,indicacao_clicks,infleux_impressions,infleux_clicks,influencer_impressions,influencer_clicks,Total Approved Accounts - Revenue,FB: Level Achieved - Tier 1 Impressions, FB: Level Achieved - Tier 2 Impressions,paid_social_others, GA App: Will And Cid Pequena Baixo Risco Clicks,digital_tactic_others
2023-05-09,6111,1916,1365036.0,5044.0,104781,31371909,0,3341,0,11190,0,61956,0,457,5066400,2371841.0,1021599.0,2302543.0,34816.0,19205.0
2023-05-10,6233,1888,1234034.0,3899.0,140810,32973036,0,3214,0,9988,0,52049,0,705,5480000,2100238.0,943808.0,2336369.0,19716.0,17415.0
2023-05-11,5568,1816,1016155.0,2788.0,102248,50729517,0,3203,0,10869,0,8042,0,381,4133100,2461265.0,1127717.0,1110415.0,21547.0,11051.0
2023-05-12,5109,1769,1228032.0,3101.0,100246,63142114,0,2492,0,7096,0,10596,0,299,3573910,2313368.0,1107256.0,1191901.0,31966.0,11081.0
2023-05-13,3712,1231,1344557.0,3399.0,100714,59509032,0,3986,0,4282,0,9753,0,366,2776120,3067797.0,1388882.0,1403486.0,38518.0,10762.0
2023-05-14,3719,1241,1520157.0,3491.0,120162,49538293,0,1891,0,3002,0,7363,0,278,2611960,3140882.0,1429620.0,2518831.0,44744.0,12151.0
2023-05-15,7735,2663,2102264.0,5175.0,106903,46609819,0,2518,0,4548,0,16201,0,880,3951760,2916228.0,1288902.0,2456845.0,36269.0,15290.0
2023-05-16,9409,3206,2134290.0,5636.0,88201,9662393,0,2247,0,6690,0,15031,0,1588,4150900,3161940.0,1370882.0,2403330.0,37393.0,14187.0
2023-05-17,8409,2785,1473128.0,4336.0,56382,2232239,0,2557,0,6401,0,8946,0,322,3788540,3199527.0,1379566.0,2608845.0,39190.0,12591.0
2023-05-18,8364,2873,1733275.0,5009.0,38145,7321146,0,2912,0,7286,0,14366,0,660,3652210,2623727.0,1115471.0,1723470.0,36020.0,12100.0
2023-05-19,6432,2050,1784426.0,5063.0,23340,8715910,0,3934,0,6035,0,20378,0,362,3777590,2995998.0,1287313.0,1959870.0,36885.0,12848.0
2023-05-20,5428,1724,1635604.0,4408.0,34693,8783612,0,3318,0,4714,0,21030,0,236,3437270,2996479.0,1326416.0,1903323.0,31048.0,12256.0
2023-05-21,5657,1807,1788487.0,4492.0,24812,5015214,0,2253,0,4227,0,11656,0,494,3020020,3167634.0,1309450.0,3651254.0,33361.0,13073.0
2023-05-22,5768,2036,2176947.0,5688.0,25298,3002995,0,2739,0,8313,0,25663,0,1147,3643240,3573865.0,1548365.0,3939226.0,33410.0,14092.0
2023-05-23,5051,1720,2359219.0,6966.0,24773,3005057,0,4738,0,13827,0,47900,0,965,5146270,3248157.0,1376975.0,3631390.0,35016.0,13025.0
2023-05-24,6078,1977,1612918.0,4924.0,24591,2833280,0,4816,0,12417,0,94489,0,1254,5832220,3572793.0,1550315.0,3532105.0,37491.0,12546.0
2023-05-25,6547,2075,1468456.0,3624.0,19705,2771412,0,5070,0,7395,0,70016,0,762,5217860,3164337.0,1353382.0,3253308.0,34658.0,13154.0
2023-05-26,3719,1189,1770048.0,4874.0,16879,2875657,0,2855,0,6964,0,29015,0,627,4123930,2989794.0,1248779.0,3345390.0,38267.0,12788.0
2023-05-27,3620,1145,1900387.0,5061.0,14156,2663378,0,3295,0,4472,0,5625,0,1473,2668440,3576647.0,1527545.0,3694843.0,40685.0,12844.0
2023-05-28,4195,1302,2026053.0,5703.0,12334,2609966,0,2190,0,3737,0,5030,0,1401,2630380,3376177.0,1447089.0,2563297.0,42359.0,13543.0
2023-05-29,5265,1798,2328823.0,6483.0,14783,2537637,0,3954,0,5211,0,221,0,1575,3057510,3765997.0,1720747.0,2865333.0,39579.0,8116.0
2023-05-30,3879,1366,2294654.0,6008.0,15979,2489630,0,4465,0,6041,0,6,0,1192,3360270,3790830.0,1751416.0,2822819.0,37234.0,8830.0
2023-05-31,3933,1348,1645187.0,4081.0,14208,2337652,0,3797,0,4794,0,6,0,888,3158130,4151434.0,1953620.0,2714074.0,45856.0,6861.0
2023-06-01,4817,1530,1862175.0,4841.0,48192,3241822,0,3060,0,4802,0,12820,0,1137,3322330,4151797.0,1903421.0,2255850.0,51175.0,7095.0
2023-06-02,5733,1800,966546.0,2646.0,43573,4582872,0,1563,0,10678,0,46810,0,1309,4244170,4313201.0,2009602.0,2074692.0,47378.0,6120.0
2023-06-03,4142,1290,2445721.0,11111.0,90587,4764628,0,2176,0,5144,0,27735,0,518,3711670,4514302.0,2083217.0,2095544.0,58527.0,5748.0
2023-06-04,5143,1613,2296690.0,6790.0,40929,4717779,0,1280,0,4237,0,5606,0,325,2851980,4179140.0,1889452.0,2152476.0,45239.0,6093.0
2023-06-05,5384,1832,3509278.0,8938.0,56272,19979584,0,1377,0,11493,0,25647,0,579,4117320,3683204.0,1641254.0,3616732.0,40356.0,6453.0
2023-06-06,4802,1594,3216944.0,7861.0,20049,33102789,0,1485,0,9086,0,36532,0,545,4627290,3822453.0,1716540.0,3687300.0,53347.0,6334.0
2023-06-07,5072,1648,2143372.0,5356.0,22553,21321547,0,1576,0,7213,0,21215,0,628,4019320,4178339.0,1811963.0,2354753.0,51632.0,6259.0
2023-06-08,4444,1465,3190766.0,8024.0,53653,10254268,0,2046,0,10491,0,19549,0,769,4272770,3941272.0,1738344.0,2283350.0,59291.0,6775.0
2023-06-09,4818,1605,3278715.0,9328.0,18347,4890758,0,1925,0,8360,0,32385,0,1732,4788710,3969227.0,1777864.0,2353376.0,52000.0,6026.0
2023-06-10,3465,1207,2887842.0,8529.0,725,5489947,0,1230,0,5401,0,37954,0,2136,4707070,4458593.0,2061762.0,2535928.0,66567.0,5554.0
2023-06-11,4727,1501,3149290.0,8114.0,738,5313957,0,1839,0,8198,0,32493,0,1533,4560170,4442610.0,2006438.0,2183963.0,47655.0,6008.0
2023-06-12,6437,2208,4416005.0,12345.0,149561,5298884,0,1905,0,8542,0,101079,0,472,7031980,4645531.0,1995891.0,3301882.0,38760.0,4966.0
2023-06-13,3556,1254,4626697.0,12984.0,258088,5952266,0,2095,0,10415,0,59770,0,1016,5335600,4508060.0,1912958.0,3440789.0,47281.0,4630.0
2023-06-14,3178,1060,3389530.0,10298.0,685692,10454400,0,2258,0,24457,0,16016,0,1101,4382390,4573214.0,1920050.0,3160905.0,41549.0,5083.0
2023-06-15,2981,999,3131350.0,10791.0,1072645,11631302,0,2265,0,17304,0,10395,0,1188,4334320,4075106.0,1690702.0,3267810.0,50496.0,5037.0
2023-06-16,2705,947,2923279.0,11124.0,1166424,11840950,0,1780,0,8938,0,24339,0,966,4560830,4533368.0,1939737.0,2881833.0,41872.0,4604.0
2023-06-17,3697,1154,2955836.0,10440.0,807683,9748201,0,2139,0,5741,0,54129,0,766,4890110,4958344.0,2059487.0,3183051.0,52618.0,3675.0
2023-06-18,3229,1080,3280006.0,12373.0,116340,8176712,0,1481,0,4741,0,16724,0,864,3388060,4270249.0,1735486.0,3251229.0,39780.0,3696.0
2023-06-19,3082,1003,6545797.0,24462.0,55763,4841897,0,2098,0,10520,0,26558,0,2211,4639400,4137846.0,1743715.0,2680413.0,43156.0,4347.0
2023-06-20,2422,857,6734594.0,28910.0,52166,4718912,0,2205,0,10284,0,30610,0,1002,4969720,4218772.0,1771102.0,2058734.0,42288.0,4260.0
2023-06-21,3366,1132,4784180.0,17247.0,52817,5971594,0,3387,0,9277,0,41697,0,645,4489250,4113884.0,1743016.0,2111350.0,44159.0,4193.0
2023-06-22,2841,924,3300680.0,13360.0,29784,6803330,0,4064,0,7068,0,68638,0,481,5006920,3738171.0,1533407.0,1597072.0,35381.0,4173.0
2023-06-23,2474,805,2284446.0,9012.0,80066,6833289,0,3274,0,7379,0,13501,0,721,3069350,4479743.0,1889155.0,1647740.0,39089.0,3640.0
2023-06-24,2462,814,1947190.0,7247.0,50309,6526903,0,2767,0,4703,0,8438,0,616,2776800,3758421.0,1565736.0,1648519.0,46332.0,3834.0
2023-06-25,2082,679,3560248.0,14850.0,50806,6368664,0,2767,0,4414,0,5346,0,628,2860440,4038846.0,1700182.0,2514456.0,43065.0,4201.0
2023-06-26,2399,839,5999950.0,28401.0,23209,10788275,0,3699,0,13383,0,13592,0,790,3928490,3427918.0,1403888.0,3598236.0,33883.0,4642.0
2023-06-27,2307,804,5005495.0,18260.0,81344,14103220,0,7082,0,8898,0,40917,0,945,5851320,3819654.0,1523667.0,3556028.0,35326.0,4628.0
2023-06-28,2215,759,3721084.0,11248.0,20153,10547995,0,8387,0,7120,0,39693,0,944,6083570,3671994.0,1568555.0,1397196.0,33212.0,2998.0
2023-06-29,2013,706,3918049.0,10226.0,155296,8525871,0,10096,0,5693,0,24049,0,1512,4328260,3937747.0,1585655.0,3393043.0,30700.0,2519.0
2023-06-30,1258,454,3088874.0,7943.0,902115,10945715,0,8904,0,9611,0,62404,0,1029,5252540,4945464.0,1946944.0,1835310.0,52445.0,2839.0
2023-07-01,1641,539,3872657.0,12034.0,191537,12141356,0,4956,0,6049,0,31194,0,923,4626340,5328149.0,2224200.0,2123805.0,56724.0,2513.0
2023-07-02,1336,485,5799582.0,17238.0,576858,12180985,0,4148,0,4670,0,4766,0,617,3416990,4527404.0,1997256.0,2038953.0,50510.0,21201.0
2023-07-03,2712,924,9986061.0,28191.0,442261,14059535,0,5347,0,7408,0,19028,0,1044,4925290,4179823.0,1854231.0,2234940.0,57543.0,14473.0
2023-07-04,4137,1419,4717456.0,14519.0,2137830,14463201,0,6164,0,8277,0,12283,0,1531,4394760,4449073.0,1959412.0,2350308.0,49085.0,9854.0
2023-07-05,4166,1422,4779589.0,12676.0,2354716,18574154,0,7967,0,11552,0,6628,0,1420,4497600,4464681.0,1969744.0,2390838.0,41411.0,12751.0
2023-07-06,4182,1444,4939385.0,12222.0,2364811,15879491,0,6575,0,8461,0,18225,0,997,5114750,4490815.0,1942923.0,2239375.0,44808.0,16216.0
2023-07-07,3497,1181,3121447.0,7534.0,1063284,17341347,0,6025,0,8113,0,25962,0,659,4910810,4891573.0,2128787.0,1976413.0,57373.0,12464.0
2023-07-08,2760,856,3295227.0,9788.0,1119268,19207341,0,4102,0,6195,0,40506,0,832,4471260,5039604.0,2277255.0,2330435.0,44052.0,15163.0
2023-07-09,2809,875,3913741.0,11815.0,749310,25182206,0,6420,0,5222,0,49626,0,718,5706060,4669470.0,2144473.0,3908306.0,49659.0,11716.0
2023-07-10,4312,1489,5972974.0,18402.0,1511035,25950979,0,9842,0,10638,0,36204,0,935,5299330,4584106.0,2019220.0,4391654.0,52303.0,12983.0
2023-07-11,4579,1550,4999618.0,16469.0,559119,23938153,0,11688,0,36570,0,25216,0,1289,5532390,4458364.0,1932300.0,4150666.0,47979.0,12292.0
2023-07-12,4079,1418,4465722.0,13191.0,583520,25196511,0,4610,0,9813,0,20388,0,1210,5067480,4558876.0,2000168.0,4109583.0,54631.0,12366.0
2023-07-13,3719,1260,4635033.0,12302.0,903614,25720336,0,7867,0,6792,0,22248,0,857,4393760,4596184.0,1957206.0,3729970.0,48474.0,11017.0
2023-07-14,3632,1224,3441594.0,9800.0,1566300,28606996,0,6726,0,6172,0,14670,0,432,3983150,4683387.0,2007387.0,3912229.0,52588.0,10079.0
2023-07-15,2909,941,6025085.0,21326.0,1836196,28705476,0,5705,0,4369,0,31202,0,595,4220310,5008167.0,2251661.0,3727627.0,58143.0,10214.0
2023-07-16,2818,853,7339565.0,26586.0,4043959,26752554,0,7733,0,3961,0,27180,0,1082,3832400,4716541.0,2092258.0,2114014.0,59204.0,11281.0
2023-07-17,4420,1486,9638491.0,32269.0,819444,29437537,0,11485,0,5220,0,66236,0,2418,5691990,4359325.0,1937825.0,1989872.0,55815.0,11896.0
2023-07-18,4574,1551,9498457.0,31230.0,1206114,29164369,0,5012,0,7146,0,47074,0,2358,5347820,4882304.0,2163458.0,2157773.0,69573.0,12604.0
2023-07-19,4632,1537,9742535.0,26935.0,1491736,30394328,0,6147,0,7028,0,11807,0,1476,4690310,4613422.0,2080215.0,1981362.0,67495.0,12116.0
2023-07-20,4891,1632,7630122.0,20720.0,2370192,23939153,0,6261,0,5635,0,17220,0,1338,4576570,4484291.0,1922090.0,1663127.0,75312.0,12252.0
2023-07-21,3978,1378,7284968.0,21477.0,2456715,17869335,0,6360,0,10877,0,11431,0,769,4357960,4519305.0,1975730.0,1686467.0,68931.0,10065.0
2023-07-22,3151,978,5638955.0,16181.0,2015345,12808440,0,7097,0,5145,0,13811,0,699,3959970,4689346.0,2086993.0,1861883.0,71898.0,9081.0
2023-07-23,2905,986,6133144.0,16089.0,881691,11267535,0,5593,0,4746,0,68021,0,514,5284400,4242878.0,1843843.0,1681215.0,61164.0,10797.0
2023-07-24,4606,1651,8830736.0,21931.0,189913,35658281,0,8836,0,6040,0,64066,0,1626,6253530,3943001.0,1708849.0,1900126.0,59494.0,10236.0
2023-07-25,4414,1597,7750251.0,15384.0,3348941,25011847,0,10262,0,9572,0,15072,0,916,4938210,3976490.0,1729916.0,1911109.0,68826.0,11468.0
2023-07-26,4488,1530,8125332.0,16391.0,1040452,24380635,0,9947,0,16453,0,38777,0,1551,5687460,3837786.0,1680967.0,1856885.0,74924.0,13290.0
2023-07-27,4105,1494,8054962.0,14724.0,220302,13070502,0,6758,0,8841,0,20622,0,1313,5138270,3636297.0,1544742.0,1772602.0,63935.0,11680.0
2023-07-28,3743,1318,6955526.0,11566.0,3991586,5347413,0,10451,0,8496,0,20184,0,1563,4621140,3890784.0,1680538.0,1608577.0,73120.0,11390.0
2023-07-29,3395,1192,5132501.0,9837.0,1349895,4441709,0,7115,0,5449,0,18983,0,1129,3893270,4295602.0,1813637.0,1824777.0,80511.0,11911.0
2023-07-30,2746,903,4903153.0,11018.0,710000,4431986,0,8491,0,4599,0,24834,0,1109,4020490,3924352.0,1733790.0,1740605.0,72221.0,11440.0
2023-07-31,4208,1476,6832832.0,19648.0,1721973,4079656,0,7754,0,7818,0,27918,0,2050,4709550,3760475.0,1501134.0,1957900.0,62124.0,11605.0
2023-08-01,4203,1489,6398210.0,15890.0,2250090,5457683,0,7588,0,7948,0,61894,0,1248,5602170,3687038.0,1439092.0,1774701.0,61448.0,11492.0
2023-08-02,4285,1515,5402871.0,14825.0,785167,6582085,0,6079,0,7236,0,79041,0,1345,5992910,3807266.0,1493340.0,2025308.0,54506.0,11515.0
2023-08-03,4667,1744,4724924.0,8903.0,1111815,10407793,0,9077,0,7117,0,31714,0,1983,4941800,3797879.0,1479623.0,1718831.0,52587.0,11408.0
2023-08-04,4201,1562,3732952.0,9116.0,4574481,10660977,0,8436,0,6970,0,25097,0,1055,4659060,3814852.0,1466211.0,1374674.0,57482.0,10785.0
2023-08-05,3080,1110,3310732.0,9884.0,3460283,11580456,0,5735,0,5049,0,5911,0,704,3260640,4048945.0,1601234.0,1442690.0,65158.0,9942.0
2023-08-06,2809,979,4153998.0,11663.0,5103054,8381689,0,4868,0,4184,0,28658,0,637,4005470,4040770.0,1250223.0,1844909.0,47698.0,10816.0
2023-08-07,3522,1186,3164171.0,10000.0,4137349,8709017,0,6112,0,6640,0,43866,0,1285,5034960,3928811.0,1288638.0,1861166.0,44623.0,11648.0
2023-08-08,4111,1495,6020074.0,15008.0,2923076,5012245,0,6684,0,6961,0,12257,0,3038,4235970,3921429.0,1094791.0,2059462.0,48047.0,10379.0
2023-08-09,3609,1285,5616011.0,13195.0,2483117,3900778,0,8177,0,6447,0,12774,0,1309,4131270,3322165.0,452000.0,2262292.0,52219.0,11047.0
2023-08-10,3872,1330,5270940.0,11342.0,1305507,3614496,0,6927,0,6602,0,21830,0,986,4946040,2868345.0,452896.0,1541791.0,46720.0,10556.0
2023-08-11,3673,1257,4485834.0,10445.0,3562053,5521177,0,5810,0,13751,0,5797,0,751,3309470,3242607.0,511016.0,1679989.0,47262.0,10344.0
2023-08-12,2744,960,3946512.0,10052.0,4015316,5813616,0,6205,0,10379,0,9890,0,532,3177130,3761072.0,595191.0,1931989.0,54787.0,9210.0
2023-08-13,2418,775,5051792.0,11809.0,1869057,6348414,0,4093,0,5187,0,21320,0,399,2953700,3279816.0,503805.0,2171335.0,55136.0,10546.0
2023-08-14,3551,1196,4839009.0,11805.0,1765326,3758610,0,6170,0,7226,0,19575,0,706,3873510,2974893.0,427940.0,1822890.0,49127.0,11042.0
2023-08-15,3430,1312,6520709.0,24857.0,1792924,1852314,0,6063,0,9302,0,34681,0,778,4412810,3080012.0,462344.0,1935145.0,57900.0,11083.0
2023-08-16,3253,1175,4844378.0,27290.0,3478033,1293346,0,5884,0,8280,0,29077,0,1055,4074580,3150093.0,468159.0,2094524.0,58937.0,11823.0
2023-08-17,3714,1417,4702754.0,23408.0,4058942,1186576,0,11301,0,10504,0,15462,0,1017,3587780,3071572.0,444690.0,1961293.0,58681.0,10987.0
2023-08-18,1936,710,4370177.0,18919.0,3789636,1020973,0,9525,0,8958,0,32346,0,909,3722530,3252966.0,461174.0,2031390.0,61098.0,10354.0
2023-08-19,1998,723,3683868.0,14860.0,5187185,1336224,0,8305,0,6265,0,13396,0,1267,2943410,3460234.0,494225.0,2037289.0,68988.0,9709.0
2023-08-20,2458,839,5558511.0,16917.0,6444084,1333600,0,8083,0,5668,0,9425,0,593,2640290,3233047.0,427550.0,2093935.0,58698.0,11658.0
2023-08-21,2316,892,5802540.0,21997.0,1578062,1099659,0,9057,0,8434,0,11204,0,597,3510210,3110596.0,442523.0,1991499.0,71910.0,13059.0
2023-08-22,2208,845,5006504.0,13886.0,598218,939529,0,18631,0,11119,0,18304,0,666,3877380,3020862.0,419659.0,1960342.0,66769.0,12591.0
2023-08-23,2104,821,5240143.0,16309.0,1941212,2081327,0,17073,0,8077,0,6042,0,709,3219310,2634348.0,409468.0,1726842.0,53998.0,13783.0
2023-08-24,2011,685,5623870.0,14314.0,380971,2132605,0,13223,0,7340,0,11449,0,1774,3474730,2244344.0,385012.0,1409286.0,55699.0,13185.0
2023-08-25,1889,680,4674166.0,13506.0,1119189,1818097,0,33200,0,7250,0,16577,0,3622,4003360,2405697.0,395219.0,1564070.0,61103.0,13348.0
2023-08-26,1229,379,5475213.0,18030.0,476090,1048919,0,15316,0,4976,0,16625,0,3546,3448630,2662312.0,434769.0,1789446.0,61768.0,13346.0
2023-08-27,1333,486,5591938.0,13138.0,956722,732493,0,12952,0,4227,0,19562,0,2354,3032970,2470188.0,417919.0,1980888.0,53707.0,14151.0
2023-08-28,2031,760,7120359.0,17304.0,592505,571748,0,44816,0,8728,0,19999,0,3813,3941750,2357294.0,420574.0,1878047.0,50335.0,13442.0
2023-08-29,1560,550,6349650.0,18074.0,395464,276869,0,217642,0,8742,0,36555,0,2778,4403680,2437012.0,455532.0,1707585.0,52913.0,12648.0
2023-08-30,1788,623,6774580.0,17019.0,804715,227676,0,92490,0,7576,0,33376,0,1815,4493600,2461827.0,452647.0,1924554.0,57945.0,12244.0
2023-08-31,2251,790,6881955.0,16586.0,462096,216142,0,177608,0,7188,0,13212,0,1862,3467310,2630688.0,508779.0,1691540.0,44071.0,12093.0
2023-09-01,2763,930,5360505.0,17680.0,259775,323504,0,21865,0,7383,0,4899,0,1313,2588380,2723715.0,529388.0,1841032.0,48663.0,11275.0
2023-09-02,2597,870,4478842.0,15289.0,1226680,320820,0,26924,0,6477,0,4896,0,1454,2531920,2929332.0,613163.0,1945160.0,60288.0,10815.0
2023-09-03,2332,762,5174329.0,13994.0,449228,288375,0,20423,0,5755,0,10890,0,1494,2747410,2516381.0,558353.0,1697712.0,54329.0,11996.0
2023-09-04,3561,1229,5334952.0,17444.0,296660,306771,0,324815,0,7849,0,41134,0,2069,3987700,2485534.0,613680.0,1823512.0,52578.0,12787.0
2023-09-05,2261,816,6113505.0,20426.0,302910,227998,0,287642,0,7998,0,21025,0,1448,3377390,2453507.0,595873.0,1648165.0,49590.0,11749.0
2023-09-06,2868,1031,5558783.0,13407.0,1266416,255848,0,203777,0,8887,0,9020,0,933,2814330,2766708.0,736889.0,1987155.0,47189.0,10851.0
2023-09-07,2394,832,4907653.0,9041.0,191893,285511,0,202017,0,8317,0,6879,0,801,2893090,2616416.0,630668.0,1712157.0,47089.0,11632.0
2023-09-08,2689,910,4752031.0,8867.0,157343,302141,0,201772,0,8717,0,5684,0,1428,2858250,2705167.0,791338.0,1852090.0,43707.0,10493.0
2023-09-09,2204,752,3975657.0,10022.0,227113,245700,0,201776,0,7299,0,4098,0,758,2717380,2929279.0,827015.0,2001938.0,50033.0,10082.0
2023-09-10,2167,743,4243960.0,10399.0,270612,291468,0,201256,0,6099,0,8097,0,809,2878400,2352670.0,1241029.0,1966290.0,41767.0,10185.0
2023-09-11,3381,1227,4492340.0,10684.0,1192346,154867,0,202476,0,8393,0,6493,0,838,2923700,2573007.0,1455728.0,1830559.0,39596.0,12910.0
2023-09-12,2511,884,4936079.0,10015.0,199137,170680,0,50740,0,8506,0,26721,0,1085,4318830,2527461.0,1481401.0,1856155.0,40974.0,11883.0
2023-09-13,2143,778,5115564.0,10338.0,292239,238162,0,2408,0,7172,0,36811,0,836,3837560,2621020.0,1580825.0,1962940.0,39948.0,11634.0
2023-09-14,2307,798,4859067.0,12717.0,1181194,308251,0,948,0,7404,0,38152,0,1282,3797130,2677877.0,1397139.0,1251585.0,46129.0,10253.0
2023-09-15,2467,882,4260164.0,9702.0,399193,291844,0,756,0,6932,0,16060,0,2982,3201640,2751748.0,1416780.0,1269521.0,57909.0,10048.0
2023-09-16,2076,687,3350011.0,7707.0,620978,196303,0,663,0,6018,0,9889,0,1188,2843020,3083552.0,1564491.0,1439332.0,61159.0,9435.0
2023-09-17,2467,802,4503316.0,11119.0,581720,236009,0,637,0,4814,0,10024,0,2464,2605750,2935930.0,1503370.0,1649587.0,48796.0,10073.0
2023-09-18,2910,1024,5568066.0,14302.0,184276,143660,0,888,0,6922,0,10381,0,1767,3209930,2373681.0,1330212.0,1479501.0,51224.0,10488.0
2023-09-19,3252,1309,6105220.0,12193.0,208312,187769,0,1464,0,5210,0,8092,0,1504,3291230,2373344.0,1285881.0,1407015.0,40642.0,10547.0
2023-09-20,2796,1185,6055420.0,14003.0,291395,272928,0,1077,0,4246,0,10472,0,1830,3121460,2565110.0,1425196.0,1460886.0,48962.0,10318.0
2023-09-21,2208,878,5225528.0,8679.0,697480,160425,0,1033,0,6726,0,13928,0,1357,3634580,2686089.0,1447330.0,1236533.0,49940.0,10259.0
2023-09-22,1734,783,4373391.0,8141.0,2220006,88968,0,738,0,9534,0,8771,0,1690,3160370,2460283.0,1353647.0,1258771.0,45467.0,9910.0
2023-09-23,1190,492,4948823.0,10035.0,2432739,154849,0,702,0,8285,0,4369,0,806,2718390,2740252.0,1531672.0,1407980.0,51747.0,8665.0
2023-09-24,1124,496,6239124.0,10744.0,248085,231243,0,477,0,8032,0,8640,0,1449,2680930,2648532.0,1476875.0,1294436.0,36638.0,10410.0
2023-09-25,2358,1041,5325249.0,9804.0,251517,447312,0,591,0,11299,0,21103,0,1135,3830560,2371891.0,1333464.0,1222194.0,36894.0,9191.0
2023-09-26,2092,994,5361926.0,13223.0,90916,351820,0,910,0,10598,0,27697,0,2803,3971740,2612585.0,1502573.0,1256804.0,33211.0,8893.0
2023-09-27,1835,792,4600061.0,14060.0,728920,347014,0,1111,0,8811,0,104094,0,1780,5686340,2488689.0,1390273.0,1203937.0,33935.0,8769.0
2023-09-28,1787,807,4114657.0,9434.0,84913,564139,0,279332,0,6975,0,51946,0,2516,4377350,2290090.0,1309586.0,1316086.0,32443.0,8606.0
2023-09-29,1513,641,4477584.0,8505.0,211297,372199,0,443,0,4039,0,4466,0,1774,2520650,2429135.0,1379398.0,1425850.0,31700.0,7184.0
2023-09-30,1127,478,4089760.0,9316.0,222854,364180,0,517,0,3251,0,13297,0,1425,2765900,1049942.0,435407.0,548780.0,10869.0,4505.0
2023-10-01,1021,436,748856.0,2639.0,301970,224135,0,846,0,2731,0,7574,0,962,2069510,935755.0,413098.0,1084400.0,13147.0,5335.0
2023-10-02,1673,764,1692932.0,4211.0,387802,237932,0,1564,0,12820,0,9400,0,1463,2321500,877002.0,383352.0,1016934.0,14302.0,5965.0
2023-10-03,1516,725,1757367.0,3947.0,568156,171003,0,1739,0,21454,0,5276,0,1640,2455260,833524.0,365270.0,973716.0,14227.0,5936.0
2023-10-04,1786,763,1733340.0,3119.0,567654,129402,0,1726,0,15833,0,13543,0,2940,2496730,836392.0,368220.0,1029847.0,13931.0,5864.0
2023-10-05,1986,861,1671129.0,3736.0,504268,159069,0,1747,0,24285,0,8234,0,3163,2626960,830805.0,380396.0,476125.0,13399.0,5529.0
2023-10-06,1774,753,1348401.0,2784.0,702326,205479,0,1686,0,15228,0,12269,0,2107,2378150,817142.0,382879.0,504402.0,11840.0,5476.0
2023-10-07,1150,416,1175733.0,2242.0,359848,180366,0,1446,0,19417,0,27951,0,2050,3080590,921412.0,418533.0,520370.0,11215.0,5083.0
2023-10-08,999,337,1296701.0,2609.0,662748,293989,0,1415,0,14589,0,18476,0,1786,2484160,768086.0,352949.0,357821.0,12788.0,5550.0
2023-10-09,772,289,1942734.0,4167.0,3096792,191352,0,1855,0,24331,0,21658,0,1757,2722910,653538.0,261410.0,590317.0,14449.0,6333.0
2023-10-10,737,241,1911227.0,4238.0,565419,164827,0,2101,0,11526,0,9057,0,2720,2528280,734200.0,300476.0,568450.0,13952.0,6145.0
2023-10-11,681,256,2171216.0,4714.0,503802,216630,0,1921,0,7255,0,7549,0,2025,2463820,958835.0,399349.0,595481.0,12432.0,5599.0
2023-10-12,673,240,1820266.0,4067.0,233553,161215,0,8042,0,4686,0,5288,0,1408,2044540,861845.0,336598.0,557239.0,13130.0,5889.0
2023-10-13,595,233,1529402.0,3094.0,68852,156834,0,7184,0,4986,0,14364,0,1924,2576940,801772.0,317596.0,563967.0,12222.0,5539.0
2023-10-14,748,266,1013578.0,2156.0,48430,185877,0,3043,0,4287,0,14809,0,2117,2441800,929822.0,362662.0,603684.0,11533.0,5191.0
2023-10-15,602,201,1596953.0,4098.0,55580,222305,0,12269,0,4366,0,15778,0,1639,2190130,891052.0,327915.0,425822.0,13301.0,6358.0
2023-10-16,964,369,2144206.0,5169.0,31683,118393,0,6488,0,5537,0,65656,0,1254,4509620,842123.0,317951.0,810650.0,16455.0,7813.0
2023-10-17,1105,415,2112245.0,5363.0,69479,70676,0,4964,0,4816,0,18719,0,2353,2816530,816941.0,328053.0,766996.0,14912.0,7402.0
2023-10-18,913,348,1892230.0,4633.0,451927,111742,0,4068,0,4855,0,32612,0,2028,3728560,957593.0,377866.0,689470.0,15228.0,7272.0
2023-10-19,914,302,1550243.0,3817.0,100009,183549,0,4309,0,4468,0,68322,0,2169,4292380,846076.0,336810.0,775970.0,14394.0,6925.0
2023-10-20,663,208,1100622.0,2740.0,174916,181797,0,3695,0,4056,0,58835,0,1887,4493840,910115.0,366406.0,653096.0,15447.0,6572.0
2023-10-21,559,184,1405730.0,3216.0,207981,276329,0,2723,0,3213,0,44899,0,1893,3204000,1184901.0,485051.0,850250.0,14780.0,6181.0
2023-10-22,545,198,1467468.0,3228.0,520836,253840,0,2213,0,2850,0,27411,0,1911,2969510,1154732.0,423852.0,1027954.0,10344.0,4893.0
2023-10-23,625,231,2018062.0,5517.0,333114,436011,0,2839,0,3772,0,11121,0,1351,2287750,1208181.0,428535.0,1111507.0,11684.0,6220.0
2023-10-24,574,226,1889784.0,5099.0,188275,228582,0,2709,0,2462,0,1109,0,1918,1952480,1083131.0,378488.0,1161439.0,11452.0,5728.0
2023-10-25,536,184,2276229.0,5661.0,77308,332105,0,2708,0,2679,0,525,0,2402,1869210,905535.0,310989.0,865636.0,11200.0,5884.0
2023-10-26,609,200,1753696.0,4367.0,85971,236204,0,2136,0,2300,0,10,0,3842,1710220,968078.0,332008.0,771447.0,10098.0,5558.0
2023-10-27,563,209,1636932.0,3338.0,246909,285904,0,1992,0,2323,0,5,0,2851,1458010,1063329.0,352124.0,929257.0,9507.0,5001.0
2023-10-28,450,155,1588245.0,4276.0,235960,324079,0,2716,0,1753,0,1,0,2585,1510690,1191854.0,384343.0,1028724.0,8578.0,4958.0
2023-10-29,309,117,1731474.0,5065.0,70210,331208,0,2241,0,1708,0,5,0,3120,1547290,1137463.0,385520.0,764681.0,10186.0,5650.0
2023-10-31,486,182,2220653.0,5950.0,41641,213812,0,149,0,2404,0,15,0,1380,1648060,913362.0,318222.0,1020094.0,10416.0,3703.0
2023-11-01,296,123,1834772.0,4275.0,201158,313487,0,889,0,2485,0,33093,0,2287,2939670,862276.0,316545.0,798469.0,11740.0,3972.0
2023-11-02,346,111,1697213.0,2987.0,1586296,64435,0,957,0,2130,0,16368,0,3586,2385890,840477.0,298617.0,830972.0,10008.0,3641.0
2023-11-03,224,89,1759831.0,2940.0,93667,74522,0,962,0,2484,0,14150,0,953,1937810,952592.0,350909.0,800378.0,11090.0,3818.0
2023-11-04,214,76,1677064.0,2752.0,65182,61325,0,1796,0,3084,0,10438,0,1148,1622250,957265.0,344580.0,821570.0,11309.0,4380.0
2023-11-05,350,100,1553224.0,3167.0,224953,172587,0,727,0,2295,0,17642,0,1535,2117090,,,,,
2023-11-06,217,81,718827.0,1492.0,197532,226189,0,8785,0,3391,0,13745,0,1229,2102830,,,,,
