,const,clicks_search_decay.2,impressions_tv_lag3,online_edu_trend_lag3,clicks_digital_lag2_decay.3,impressions_streaming_lag2_decay.4,covid_cases_lag3,unemployement_rate_lead4,season,flag_Aug_1,flag_Aug_2,flag_Aug_3,flag_dec_1,flag_dec_-1,flag_dec_-2,flag_dec_-3,flag_easter_-1,flag_easter_-2,flag_may_-1,flag_may_-2,flag_jun_-1,flag_jun_-2,covid_flag1,flag_june28,flag_aug13,flag_sep13,flag_mar_feb,date,total_prospect_id
0,1.0,0.03264506089026503,0.0,0.0,0.0,0.11920857922376585,0.0,0.2448979591836735,100,0,0,0,0,0,0,0,0,0,0,0,0,0,0,0,0,0,0,2019-11-10,3106
1,1.0,0.1203178311529351,0.0,0.0,0.0,0.23575959332216032,0.0,0.2448979591836735,101,0,0,0,0,0,0,0,0,0,0,0,0,0,0,0,0,0,0,2019-11-17,7809
2,1.0,0.037674240888288246,0.0,0.0,0.30427286753070926,0.14866425214344534,0.0,0.2448979591836735,102,0,0,0,0,0,0,0,0,0,0,0,0,0,0,0,0,0,0,2019-11-24,5658
3,1.0,0.114056065999327,0.25459834519940233,0.5700000000000001,0.3210660307498862,0.06375317695001911,0.0,0.2448979591836735,103,0,0,0,0,0,0,0,0,0,0,0,0,0,0,0,0,0,0,2019-12-01,7528
4,1.0,0.15091848146432302,0.04759636387261456,0.58,0.2652143429433443,0.02550166207848893,0.0,0.2380952380952381,104,0,0,0,0,0,0,0,0,0,0,0,0,0,0,0,0,0,0,2019-12-08,8913
5,1.0,0.09691798534505919,0.0,0.41000000000000003,0.27398476053158455,0.22803554179688423,0.0,0.2380952380952381,105,0,0,0,0,0,0,0,0,0,0,0,0,0,0,0,0,0,0,2019-12-15,7974
6,1.0,0.0,0.2185391903071715,0.53,0.3093665823461814,0.3016670242357716,0.0,0.2380952380952381,106,0,0,0,1,0,0,0,0,0,0,0,0,0,0,0,0,0,0,2019-12-22,5034
7,1.0,0.06818143419410627,0.0645557652165116,0.6,0.35005256364095544,0.3915886857834677,0.0,0.2380952380952381,107,0,0,0,0,0,0,0,0,0,0,0,0,0,0,0,0,0,0,2019-12-29,8296
8,1.0,0.19748095587743647,0.0,0.49,0.2866388037412839,0.4644891817948484,0.0,0.2380952380952381,108,0,0,0,0,1,0,0,0,0,0,0,0,0,0,0,0,0,0,2020-01-05,10953
9,1.0,0.2718903484441833,0.31632836028874944,0.42,0.38339772931601046,0.4758788391710054,0.0,0.2380952380952381,109,0,0,0,0,0,1,0,0,0,0,0,0,0,0,0,0,0,0,2020-01-12,11583
10,1.0,0.29329394272923165,0.710207473795361,0.56,0.4716341482535363,0.47415700741999534,0.0,0.2380952380952381,110,0,0,0,0,0,0,1,0,0,0,0,0,0,0,0,0,0,0,2020-01-19,11650
11,1.0,0.3150710926081645,0.6225458397661645,0.66,0.5560651882029227,0.2282082561307921,0.0,0.2380952380952381,111,0,0,0,0,0,0,0,0,0,0,0,0,0,0,0,0,0,0,2020-01-26,10086
12,1.0,0.23335326208386092,0.5093471390869946,0.65,0.5990392189890996,0.09128427138188955,0.0,0.2993197278911565,112,0,0,0,0,0,0,0,0,0,0,0,0,0,0,0,0,0,0,2020-02-02,8454
13,1.0,0.18339704064539092,0.46920681970876166,0.66,0.5097387360461574,0.03651393215188798,0.0,0.2993197278911565,113,0,0,0,0,0,0,0,0,0,0,0,0,0,0,0,0,0,0,2020-02-09,7842
14,1.0,0.1829206162885479,0.5702922924005152,0.64,0.3647117781342298,0.5333315970976881,0.0,0.2993197278911565,114,0,0,0,0,0,0,0,0,0,0,0,0,0,0,0,0,0,0,2020-02-16,8528
15,1.0,0.17708137647064887,0.4762803199026322,0.62,0.2994390381863003,0.9999999999999999,0.0,0.2993197278911565,115,0,0,0,0,0,0,0,0,0,0,0,0,0,0,0,0,0,0,2020-02-23,9230
16,1.0,0.2110785179466496,0.31643298954206356,0.65,0.318727924805625,0.5153399788387041,0.0,0.2993197278911565,116,0,0,0,0,0,0,0,0,0,0,0,0,0,0,0,0,0,0,2020-03-01,8210
17,1.0,0.1922309642774856,0.35110354589746834,0.65,0.3435805763353255,0.20613623376787482,0.0,1.0,117,0,0,0,0,0,0,0,0,0,0,0,0,0,0,0,0,0,0,2020-03-08,6573
18,1.0,0.1174971533357681,0.4397302099507956,0.64,0.37079693119819457,0.08245451214041095,0.0,1.0,118,0,0,0,0,0,0,0,0,0,0,0,0,0,1,0,0,0,0,2020-03-15,4464
19,1.0,0.04487177585471158,0.5651604986093057,0.66,0.3797815418753292,0.032981804856164386,3.6661729553753427e-06,1.0,119,0,0,0,0,0,0,0,0,0,0,0,0,0,1,0,0,0,0,2020-03-22,5498
20,1.0,0.04417426781579725,0.5142518574426083,0.77,0.3239901926717436,0.013192796475509808,0.00016497778299189042,1.0,120,0,0,0,0,0,0,0,0,0,0,0,0,0,0,0,0,0,0,2020-03-29,7134
21,1.0,0.09508966430933447,0.4246084040047787,1.0,0.22766051203571303,0.005277118590203924,0.01074555293220513,0.8979591836734694,121,0,0,0,0,0,0,0,1,0,1,0,1,0,0,0,0,0,0,2020-04-05,6507
22,1.0,0.1727148072921107,0.3306303340730278,0.92,0.2557126494916798,0.0021108474360815696,0.07506489126131015,0.8979591836734694,122,0,0,0,0,0,0,0,0,1,0,1,0,1,0,0,0,0,0,2020-04-12,6752
23,1.0,0.2757761792524949,0.9059477066272279,0.87,0.2910560761584964,0.0008443389744326279,0.11051311756683434,0.8979591836734694,123,0,0,0,0,0,0,0,0,0,0,0,0,0,0,0,0,0,0,2020-04-19,7874
24,1.0,0.46164669127102737,1.0,0.8200000000000001,0.29288325042575475,0.0003377355897730512,0.1323451775160945,0.8979591836734694,124,0,0,0,0,0,0,0,0,0,0,0,0,0,0,0,0,0,0,2020-04-26,8706
25,1.0,0.3631365926708698,0.8555262504044332,0.85,0.3143348639913703,0.00013509423590922048,0.12527679605813083,0.8979591836734694,125,0,0,0,0,0,0,0,0,0,0,0,0,0,0,0,0,0,0,2020-05-03,9593
26,1.0,0.3556269301486625,0.5998066602658987,0.8,0.3573452157072908,5.4838924587260594e-05,0.08418266340132861,0.7482993197278912,126,0,0,0,0,0,0,0,0,0,0,0,0,0,0,0,0,0,0,2020-05-10,9554
27,1.0,0.3898924329688705,0.31953123019194307,0.76,0.3492819601843694,0.08837696494340691,0.06699197841357364,0.7482993197278912,127,0,0,0,0,0,0,0,0,0,0,0,0,0,0,0,0,0,0,2020-05-17,9461
28,1.0,0.3270785638817633,0.5040802333471541,0.88,0.37224504100306005,0.12944061135952373,0.04806352744497074,0.7482993197278912,128,0,0,0,0,0,0,0,0,0,0,0,0,0,0,0,0,0,0,2020-05-24,8347
29,1.0,0.29596428185745655,0.6228739252579004,0.8300000000000001,0.3873711562094451,0.14079607140381442,0.028926104617911456,0.7482993197278912,129,0,0,0,0,0,0,0,0,0,0,0,0,0,0,0,0,0,0,2020-05-31,7926
30,1.0,0.23446621861142697,0.644779308361226,0.8,0.3519020717491842,0.15750706055823313,0.024482702995996537,0.6938775510204082,130,0,0,0,0,0,0,0,0,0,0,0,0,0,0,0,0,0,0,2020-06-07,8606
31,1.0,0.2202508917985891,0.726916988225644,0.71,0.32726146750928653,0.0797309833640819,0.022000703905207433,0.6938775510204082,131,0,0,0,0,0,0,0,0,0,0,0,0,0,0,0,0,0,0,2020-06-14,7573
32,1.0,0.18610614076735926,0.5963517592669729,0.73,0.31618831243754153,0.03501476889363339,0.015086301711369536,0.6938775510204082,132,0,0,0,0,0,0,0,0,0,0,0,0,0,0,1,0,0,0,2020-06-21,6983
33,1.0,0.1568177529621934,0.6764095796293655,0.75,0.2836099513597926,0.014005944823975384,0.011489786042146325,0.6938775510204082,133,0,0,0,0,0,0,0,0,0,0,0,0,0,0,0,0,0,0,2020-06-28,6277
34,1.0,0.22774801916471138,0.6466210070345804,0.72,0.25409997289933184,0.006272411362367827,0.00871449311492719,0.5714285714285715,134,0,0,0,0,0,0,0,0,0,0,0,0,0,0,0,0,0,0,2020-07-05,7421
35,1.0,0.24542124594101095,0.6580063264819511,0.73,0.2516667689694555,0.05947462601462651,0.008318546435746652,0.5714285714285715,135,0,0,0,0,0,0,0,0,0,0,0,0,0,0,0,0,0,0,2020-07-12,7852
36,1.0,0.24895270375190542,0.32749815383926373,0.68,0.2671053898526598,0.0888609058832765,0.008014254080450499,0.5714285714285715,136,0,0,0,0,0,0,0,0,0,0,0,0,0,0,0,0,0,0,2020-07-19,7396
37,1.0,0.16285259960994197,0.3666961464656464,0.78,0.26077100654286645,0.12420199588573878,0.008058248155915004,0.5714285714285715,137,0,0,0,0,0,0,0,0,0,0,0,0,0,0,0,0,0,0,2020-07-26,7041
38,1.0,0.16864346155569104,0.39341698388602436,0.84,0.25893225300958655,0.10423952696584138,0.00920209411799211,0.5714285714285715,138,0,0,0,0,0,0,0,0,0,0,0,0,0,0,0,0,0,0,2020-08-02,7470
39,1.0,0.22582910125625383,0.41507293852636135,0.8300000000000001,0.2528768986269057,0.08197739941078482,0.009315745479608745,0.5374149659863946,139,0,0,1,0,0,0,0,0,0,0,0,0,0,0,0,0,0,0,2020-08-09,8725
40,1.0,0.2778946696783185,0.7857143231388266,0.8,0.2772125371796957,0.07178679747906064,0.007237025413910927,0.5374149659863946,140,0,1,0,0,0,0,0,0,0,0,0,0,0,0,0,0,0,0,2020-08-16,9657
41,1.0,0.3062154076077969,0.434016630925742,0.87,0.33174759696083367,0.12078972986041582,0.006500124649880482,0.5374149659863946,141,1,0,0,0,0,0,0,0,0,0,0,0,0,0,0,1,0,0,2020-08-23,10000
42,1.0,0.2851073700683267,0.4051792323256236,0.8200000000000001,0.3621387745268235,0.1539969659046611,0.006118842662521447,0.5374149659863946,142,0,0,0,0,0,0,0,0,0,0,0,0,0,0,0,0,0,0,2020-08-30,8941
43,1.0,0.25999778433367665,0.4113785668398346,0.77,0.3604714968693371,0.1462622685965232,0.006375474769397721,0.4693877551020409,143,0,0,0,0,0,0,0,0,0,0,0,0,0,0,0,0,0,0,2020-09-06,8507
44,1.0,0.2947500457787596,0.43576671635701947,0.74,0.3084711376902622,0.1030893445960345,0.0060051913009048115,0.4693877551020409,144,0,0,0,0,0,0,0,0,0,0,0,0,0,0,0,0,1,0,2020-09-13,9887
45,1.0,0.3239559328273078,0.40721834097732834,0.72,0.24061271129609485,0.08422768334333634,0.006456130574415978,0.4693877551020409,145,0,0,0,0,0,0,0,0,0,0,0,0,0,0,0,0,0,0,2020-09-20,9627
46,1.0,0.3189849597494306,0.4831656702512836,0.68,0.28577062852640756,0.054400116894051116,0.006401137980085348,0.4693877551020409,146,0,0,0,0,0,0,0,0,0,0,0,0,0,0,0,0,0,0,2020-09-27,8735
47,1.0,0.2930673557404469,0.5423730023996388,0.62,0.32330756771945346,0.02176006539088146,0.007566980979894707,0.45578231292517013,147,0,0,0,0,0,0,0,0,0,0,0,0,0,0,0,0,0,0,2020-10-04,8138
48,1.0,0.27381401410957934,0.48862464971809444,0.59,0.33668984325037016,0.008704026156352586,0.009172764734349107,0.45578231292517013,148,0,0,0,0,0,0,0,0,0,0,0,0,0,0,0,0,0,0,2020-10-11,7966
49,1.0,0.21658154029531146,0.5162854532967293,0.55,0.44481231480084876,0.003481610462541034,0.012223020633221393,0.45578231292517013,149,0,0,0,0,0,0,0,0,0,0,0,0,0,0,0,0,0,0,2020-10-18,8109
50,1.0,0.21772903332032795,0.47368257634991157,0.6,0.46141705479304307,0.0013926441850164136,0.013601501664442522,0.45578231292517013,150,0,0,0,0,0,0,0,0,0,0,0,0,0,0,0,0,0,0,2020-10-25,7848
51,1.0,0.16712357438522701,0.5132571164009214,0.5,0.38402389059771924,0.0005570576740065655,0.012915927321787332,0.45578231292517013,151,0,0,0,0,0,0,0,0,0,0,0,0,0,0,0,0,0,0,2020-11-01,6516
52,1.0,0.1814031347156822,0.5409537987241609,0.5,0.2968208337801042,0.00022282306960262618,0.013091903623645349,0.45578231292517013,152,0,0,0,0,0,0,0,0,0,0,0,0,0,0,0,0,0,0,2020-11-08,7233
53,1.0,0.16852532779394064,0.49490997931858044,0.5,0.22663075929954526,8.912922784105048e-05,0.014624363918992243,0.45578231292517013,153,0,0,0,0,0,0,0,0,0,0,0,0,0,0,0,0,0,0,2020-11-15,7409
54,1.0,0.10492104198879731,0.4086344123814518,0.41000000000000003,0.21669561761817938,3.565169113642019e-05,0.016127494830696133,0.45578231292517013,154,0,0,0,0,0,0,0,0,0,0,0,0,0,0,0,0,0,0,2020-11-22,6232
55,1.0,0.16920169406380464,0.45151008168804235,0.49,0.21833619946593313,1.4260676454568076e-05,0.024849320291534072,0.45578231292517013,155,0,0,0,0,0,0,0,0,0,0,0,0,0,0,0,0,0,0,2020-11-29,8170
56,1.0,0.1305885456099783,0.4543635808918873,0.47000000000000003,0.1596898931167178,5.704270581827231e-06,0.03519159419864792,0.435374149659864,156,0,0,0,0,0,0,0,0,0,0,0,0,0,0,0,0,0,0,2020-12-06,7075
57,1.0,0.1214984593864375,0.35070760971315756,0.4,0.15417676852356046,2.2817082327308923e-06,0.041732046751037526,0.435374149659864,157,0,0,0,0,0,0,0,0,0,0,0,0,0,0,0,0,0,0,2020-12-13,7379
58,1.0,0.057042007816384965,0.32470890321593604,0.47000000000000003,0.15442387578570832,9.126832930923571e-07,0.049892947749703036,0.435374149659864,158,0,0,0,1,0,0,0,0,0,0,0,0,0,0,0,0,0,0,2020-12-20,5442
59,1.0,0.12406882983279183,0.3135816516054531,0.45,0.1671308209739812,3.650733172369429e-07,0.0686930826648678,0.435374149659864,159,0,0,0,0,0,0,0,0,0,0,0,0,0,0,0,0,0,0,2020-12-27,7735
60,1.0,0.24786523070013738,0.3102913429236421,0.42,0.16347790840061424,1.4602932689477716e-07,0.0732574679943101,0.435374149659864,160,0,0,0,0,1,0,0,0,0,0,0,0,0,0,0,0,0,0,2021-01-03,9754
61,1.0,0.26083059672146286,0.2649240941306087,0.34,0.25327016920452516,5.841173075791087e-08,0.07444897420480709,0.4217687074829932,161,0,0,0,0,0,1,0,0,0,0,0,0,0,0,0,0,0,0,2021-01-10,10641
62,1.0,0.24028847292133387,0.6513962629200784,0.38,0.3773812732234543,2.3364692303164347e-08,0.08318546435746653,0.4217687074829932,162,0,0,0,0,0,0,1,0,0,0,0,0,0,0,0,0,0,0,2021-01-17,10230
63,1.0,0.31526302386797916,0.531674302460824,0.47000000000000003,0.3527386460097067,9.345876921265738e-09,0.10258685163731283,0.4217687074829932,163,0,0,0,0,0,0,0,0,0,0,0,0,0,0,0,0,0,0,2021-01-24,10352
64,1.0,0.2966293410018717,0.44836670500794606,0.47000000000000003,0.3711695518795665,3.738350768506295e-09,0.13234151134313912,0.4217687074829932,164,0,0,0,0,0,0,0,0,0,0,0,0,0,0,0,0,0,0,2021-01-31,9216
65,1.0,0.20088776123137192,0.3815806999416851,0.45,0.33580461662371014,1.4953403074025183e-09,0.12043744775703538,0.40816326530612246,165,0,0,0,0,0,0,0,0,0,0,0,0,0,0,0,0,0,0,2021-02-07,8421
66,1.0,0.173394454128539,0.343687050600215,0.48,0.3277941002786073,5.981361229610074e-10,0.11271648751301491,0.40816326530612246,166,0,0,0,0,0,0,0,0,0,0,0,0,0,0,0,0,0,0,2021-02-14,9281
67,1.0,0.1777198044422716,0.33051072402008147,0.5,0.31487397296804576,2.3925444918440296e-10,0.109699227170741,0.40816326530612246,167,0,0,0,0,0,0,0,0,0,0,0,0,0,0,0,0,0,0,2021-02-21,8891
68,1.0,0.1850269016675808,0.30627520154343757,0.46,0.3133091660972597,9.570177967376119e-11,0.08255854878209734,0.40816326530612246,168,0,0,0,0,0,0,0,0,0,0,0,0,0,0,0,0,0,0,2021-02-28,8169
69,1.0,0.2529549962208855,0.298123038215738,0.42,0.3358964981168952,3.828071186950448e-11,0.08351908609640568,0.40816326530612246,169,0,0,0,0,0,0,0,0,0,0,0,0,0,0,0,0,0,0,2021-03-07,8724
70,1.0,0.213028120324469,0.3267901551549544,0.44,0.3038053348505854,1.531228474780179e-11,0.07285052279626343,0.40816326530612246,170,0,0,0,0,0,0,0,0,0,0,0,0,0,0,0,0,0,0,2021-03-14,8194
71,1.0,0.16441430466323353,0.25967469209260036,0.5,0.32087357753439977,6.124913899120717e-12,0.07822879852179906,0.40816326530612246,171,0,0,0,0,0,0,0,0,0,0,0,0,0,0,0,0,0,0,2021-03-21,8254
72,1.0,0.11053130189212229,0.260168451958828,0.42,0.3279459500984871,2.449965559648287e-12,0.07333812379932836,0.40816326530612246,172,0,0,0,0,0,0,0,0,0,0,0,0,0,0,0,0,0,0,2021-03-28,7026
73,1.0,0.06917021315146277,0.0,0.38,0.37411287881420296,9.799862238593149e-13,0.07465061371735272,0.39455782312925175,173,0,0,0,0,0,0,0,0,0,0,0,0,0,0,0,0,0,0,2021-04-04,6412
74,1.0,0.06728264676731566,0.0,0.44,0.4347510050616973,3.9199448954372595e-13,0.0732721326861316,0.39455782312925175,174,0,0,0,0,0,0,0,1,0,1,0,1,0,0,0,0,0,0,2021-04-11,6297
75,1.0,0.10167805497311716,0.0,0.43,0.4574504815633023,1.5679779581749037e-13,0.07982724993034271,0.39455782312925175,175,0,0,0,0,0,0,0,0,1,0,1,0,1,0,0,0,0,0,2021-04-18,6687
76,1.0,0.1734619149834527,0.0,0.48,0.48912312446006045,6.271911832699615e-14,0.06941165256412136,0.39455782312925175,176,0,0,0,0,0,0,0,0,0,0,0,0,0,0,0,0,0,0,2021-04-25,8430
77,1.0,0.2040432878056308,0.0,0.46,0.44466429049983563,2.5087647330798465e-14,0.06276854716898124,0.39455782312925175,177,0,0,0,0,0,0,0,0,0,0,0,0,0,0,0,0,0,0,2021-05-02,8025
78,1.0,0.20788046814877387,0.0,0.48,0.5722675873212515,1.0035058932319387e-14,0.04882242524673344,0.40136054421768713,178,0,0,0,0,0,0,0,0,0,0,0,0,0,0,0,0,0,0,2021-05-09,8242
79,1.0,0.14929264058846564,0.0,0.5,0.45913415146070335,4.014023572927755e-15,0.033618806000791895,0.40136054421768713,179,0,0,0,0,0,0,0,0,0,0,0,0,0,0,0,0,0,0,2021-05-16,8280
80,1.0,0.11694210039888364,0.0,0.51,0.39528662679579885,1.6056094291711022e-15,0.025182942030473228,0.40136054421768713,180,0,0,0,0,0,0,0,0,0,0,0,0,0,0,0,0,0,0,2021-05-23,7909
81,1.0,0.055184035342337234,0.0,0.51,0.3880077087936407,6.422437716684409e-16,0.017652622780132275,0.40136054421768713,181,0,0,0,0,0,0,0,0,0,0,0,0,0,0,0,0,0,0,2021-05-30,7574
82,1.0,0.04358787034563821,0.0,0.5,0.3863265622647678,2.568975086673764e-16,0.012651962869000308,0.3673469387755103,182,0,0,0,0,0,0,0,0,0,0,0,0,0,0,0,0,0,0,2021-06-06,7270
83,1.0,0.03833609653008979,0.0,0.46,0.3784495643657444,1.0275900346695056e-16,0.008835476822454577,0.3673469387755103,183,0,0,0,0,0,0,0,0,0,0,0,0,0,0,0,0,0,0,2021-06-13,6716
84,1.0,0.06111263589867566,0.0,0.48,0.38862024435317233,4.1103601386780226e-17,0.005939200187708055,0.3673469387755103,184,0,0,0,0,0,0,0,0,0,0,0,0,0,0,0,0,0,0,2021-06-20,6944
85,1.0,0.07119833324643848,0.0,0.44,0.4039000969934476,1.644144055471209e-17,0.004967664354533589,0.3673469387755103,185,0,0,0,0,0,0,0,0,0,0,0,0,0,0,1,0,0,0,2021-06-27,6803
86,1.0,0.0659956847282599,0.0,0.45,0.4420872417106599,6.576576221884836e-18,0.004359079643941282,0.3537414965986395,186,0,0,0,0,0,0,0,0,0,0,0,0,0,0,0,0,0,0,2021-07-04,7019
87,1.0,0.12577031397293442,0.0,0.45,0.4950177419852857,2.630630488753935e-18,0.003977797656582247,0.3537414965986395,187,0,0,0,0,0,0,0,0,0,0,0,0,0,0,0,0,0,0,2021-07-11,8254
88,1.0,0.1502746019886232,0.0,0.45,0.5650602702260171,1.052252195501574e-18,0.0040621196345558795,0.3537414965986395,188,0,0,0,0,0,0,0,0,0,0,0,0,0,0,0,0,0,0,2021-07-18,7804
89,1.0,0.21001397285486328,0.0,0.42,0.594015126140436,4.209008782006296e-19,0.004952999662712088,0.3537414965986395,189,0,0,0,0,0,0,0,0,0,0,0,0,0,0,0,0,0,0,2021-07-25,8212
90,1.0,0.23464189851384848,0.0,0.46,0.5484130743981998,1.6836035128025183e-19,0.008076579020691881,0.3537414965986395,190,0,0,0,0,0,0,0,0,0,0,0,0,0,0,0,0,0,0,2021-08-01,8378
91,1.0,0.23496148203757855,0.0,0.47000000000000003,0.5324473242588711,6.734414051210074e-20,0.01220102359548914,0.3197278911564626,191,0,0,0,0,0,0,0,0,0,0,0,0,0,0,0,0,0,0,2021-08-08,9496
92,1.0,0.23319893582092505,0.0,0.53,0.5532778727756644,2.6937656204840295e-20,0.020152952735698258,0.3197278911564626,192,0,0,1,0,0,0,0,0,0,0,0,0,0,0,0,0,0,0,2021-08-15,9511
93,1.0,0.23262329847201318,0.0,0.49,0.7309984534528141,1.0775062481936118e-20,0.029028757460661962,0.3197278911564626,193,0,1,0,0,0,0,0,0,0,0,0,0,0,0,0,0,0,0,2021-08-22,9569
94,1.0,0.18495638415853394,0.0,0.46,0.8724050615489382,4.310024992774448e-21,0.03698435277382646,0.3197278911564626,194,1,0,0,0,0,0,0,0,0,0,0,0,0,0,0,0,0,0,2021-08-29,7928
95,1.0,0.2921700012245981,0.0,0.49,1.0,1.7240099971097793e-21,0.03982197064128697,0.3129251700680272,195,0,0,0,0,0,0,0,0,0,0,0,0,0,0,0,0,0,0,2021-09-05,7840
96,1.0,0.4172971677569805,0.0,0.48,0.8193686075762131,6.896039988439117e-22,0.03868179085216524,0.3129251700680272,196,0,0,0,0,0,0,0,0,0,0,0,0,0,0,0,0,0,0,2021-09-12,9521
97,1.0,0.5004920981884484,0.0,0.53,0.4496097944711011,2.758415995375647e-22,0.03902274493701515,0.3129251700680272,197,0,0,0,0,0,0,0,0,0,0,0,0,0,0,0,0,0,0,2021-09-19,9451
98,1.0,0.6383788968475093,0.0,0.47000000000000003,0.3701822126418114,1.1033663981502588e-22,0.03567186285580209,0.3129251700680272,198,0,0,0,0,0,0,0,0,0,0,0,0,0,0,0,0,0,0,2021-09-26,8898
99,1.0,0.6501651617929107,0.0,0.51,0.34258196039636274,4.413465592601035e-23,0.0352539191388893,0.3129251700680272,199,0,0,0,0,0,0,0,0,0,0,0,0,0,0,0,0,0,0,2021-10-03,8441
100,1.0,0.6649283374522998,0.0,0.51,0.31355701111053985,1.7653862370404143e-23,0.03635010485254652,0.28571428571428575,200,0,0,0,0,0,0,0,0,0,0,0,0,0,0,0,0,0,0,2021-10-10,8788
101,1.0,0.6097114754591861,0.0,0.51,0.32306971094469733,7.061544948161657e-24,0.031323781730726925,0.28571428571428575,201,0,0,0,0,0,0,0,0,0,0,0,0,0,0,0,0,0,0,2021-10-17,9569
102,1.0,0.3964279757062242,0.0,0.51,0.33051520280988034,2.8246179792646632e-24,0.02719933715592967,0.28571428571428575,202,0,0,0,0,0,0,0,0,0,0,0,0,0,0,0,0,0,0,2021-10-24,9008
103,1.0,0.33105364706311086,0.0,0.47000000000000003,0.3259978333423606,1.1298471917058652e-24,0.025967503042923553,0.28571428571428575,203,0,0,0,0,0,0,0,0,0,0,0,0,0,0,0,0,0,0,2021-10-31,8495
104,1.0,0.31714045716637634,0.0,0.55,0.3045528431182349,4.519388766823461e-25,0.02263128565353199,0.2653061224489796,204,0,0,0,0,0,0,0,0,0,0,0,0,0,0,0,0,0,0,2021-11-07,8807
105,1.0,0.28268319082761023,0.0,0.49,0.31370309424641213,1.8077555067293845e-25,0.01786159463858867,0.2653061224489796,205,0,0,0,0,0,0,0,0,0,0,0,0,0,0,0,0,0,0,2021-11-14,8385
106,1.0,0.15774740707436136,0.0,0.51,0.37945364695975814,7.231022026917538e-26,0.016409790148260033,0.2653061224489796,206,0,0,0,0,0,0,0,0,0,0,0,0,0,0,0,0,0,0,2021-11-21,6964
107,1.0,0.2836203500514554,0.0,0.55,0.36793503370466,2.892408810767015e-26,0.01882946429880776,0.2653061224489796,207,0,0,0,0,0,0,0,0,0,0,0,0,0,0,0,0,0,0,2021-11-28,9340
108,1.0,0.33646919882766096,0.0,0.49,0.3299836196379579,1.1569635243068062e-26,0.023555161238286576,0.272108843537415,208,0,0,0,0,0,0,0,0,0,0,0,0,0,0,0,0,0,0,2021-12-05,8632
109,1.0,0.361268166630245,0.0,0.38,0.3243428164088717,4.6278540972272255e-27,0.029421037966887126,0.272108843537415,209,0,0,0,0,0,0,0,0,0,0,0,0,0,0,0,0,0,0,2021-12-12,9271
110,1.0,0.21850759166298056,0.0,0.51,0.34100191273497404,1.8511416388908902e-27,0.029549354020325262,0.272108843537415,210,0,0,0,0,0,0,0,0,0,0,0,0,0,0,0,0,0,0,2021-12-19,7663
111,1.0,0.2156152088113536,0.0,0.43,0.3876459690915292,7.404566555563562e-28,0.04853646375621416,0.272108843537415,211,0,0,0,1,0,0,0,0,0,0,0,0,0,0,0,0,0,0,2021-12-26,7888
112,1.0,0.4122692273972545,0.0,0.42,0.44121852053456856,2.961826622225425e-28,0.07303383144403221,0.272108843537415,212,0,0,0,0,0,0,0,0,0,0,0,0,0,0,0,0,0,0,2022-01-02,11088
113,1.0,0.5580863257308297,0.0,0.42,0.33648328199770844,1.18473064889017e-28,0.2914790808171166,0.2585034013605442,213,0,0,0,0,1,0,0,0,0,0,0,0,0,0,0,0,0,0,2022-01-09,12850
114,1.0,0.5441541455767391,0.0,0.45,0.5258301345263098,4.7389225955606806e-29,0.6228644542534939,0.2585034013605442,214,0,0,0,0,0,1,0,0,0,0,0,0,0,0,0,0,0,0,2022-01-16,12768
115,1.0,0.37953926965668333,0.0,0.51,0.6191133700101356,1.8955690382242722e-29,1.0,0.2585034013605442,215,0,0,0,0,0,0,1,0,0,0,0,0,0,0,0,0,0,0,2022-01-23,11023
116,1.0,0.3422525462363791,0.0,0.5,0.6600516747429145,7.582276152897087e-30,0.8603298089190655,0.2585034013605442,216,0,0,0,0,0,0,0,0,0,0,0,0,0,0,0,0,0,0,2022-01-30,10317
117,1.0,0.3679329127754763,0.0,0.49,0.6150147631969254,3.0329104611588346e-30,0.3851571321728674,0.2448979591836735,217,0,0,0,0,0,0,0,0,0,0,0,0,0,0,0,0,0,0,2022-02-06,10109
118,1.0,0.3530129569359208,0.0,0.49,0.5435710104633258,1.2131641844635335e-30,0.18207314748280565,0.2448979591836735,218,0,0,0,0,0,0,0,0,0,0,0,0,0,0,0,0,0,1,2022-02-13,10233
119,1.0,0.3628237688509028,0.0,0.48,0.5395383650448762,4.852656737854129e-31,0.08532284319045035,0.2448979591836735,219,0,0,0,0,0,0,0,0,0,0,0,0,0,0,0,0,0,1,2022-02-20,10660
120,1.0,0.3535562124344392,0.0,0.49,0.3713089856353334,1.941062695141646e-31,0.04778123212740684,0.2448979591836735,220,0,0,0,0,0,0,0,0,0,0,0,0,0,0,0,0,0,1,2022-02-27,9862
121,1.0,0.35851767100446613,0.0,0.49,0.33021424233802193,7.764250780566529e-32,0.028365180155739026,0.2448979591836735,221,0,0,0,0,0,0,0,0,0,0,0,0,0,0,0,0,0,1,2022-03-06,10393
122,1.0,0.3648140365425708,0.0,0.53,0.29899648842829235,3.105700312226557e-32,0.019053100849085656,0.2448979591836735,222,0,0,0,0,0,0,0,0,0,0,0,0,0,0,0,0,0,1,2022-03-13,9914
123,1.0,0.417768904168966,0.0,0.46,0.30801461857263196,1.242280124890568e-32,0.014096435013418193,0.2448979591836735,223,0,0,0,0,0,0,0,0,0,0,0,0,0,0,0,0,0,1,2022-03-20,11027
124,1.0,0.45364666714531404,0.0,0.5,0.29874033139572204,4.9691204995617213e-33,0.013440190054406007,0.2448979591836735,224,0,0,0,0,0,0,0,0,0,0,0,0,0,0,0,0,0,0,2022-03-27,10066
125,1.0,0.45997433293937545,0.0,0.45,0.3080341285301519,1.9876481998241388e-33,0.014672024167412121,0.2448979591836735,225,0,0,0,0,0,0,0,0,0,0,0,0,0,0,0,0,0,0,2022-04-03,8722
126,1.0,0.4245480429075594,0.0,0.46,0.304189689538618,7.950592799291056e-34,0.01936472555029256,0.2448979591836735,226,0,0,0,0,0,0,0,1,0,1,0,1,0,0,0,0,0,0,2022-04-10,7805
127,1.0,0.4463068738641009,0.0,0.54,0.307818077305473,3.1802371197109226e-34,0.027822586558343475,0.2448979591836735,227,0,0,0,0,0,0,0,0,1,0,1,0,1,0,0,0,0,0,2022-04-17,8519
128,1.0,0.6012222981571669,0.0,0.53,0.29394180576819906,1.272094847878869e-34,0.033340176856183366,0.2448979591836735,228,0,0,0,0,0,0,0,0,0,0,0,0,0,0,0,0,0,0,2022-04-24,10084
129,1.0,0.6804106164543928,0.0,0.5,0.28219281269675367,5.088379391460478e-35,0.04576117082899503,0.2448979591836735,229,0,0,0,0,0,0,0,0,0,0,0,0,0,0,0,0,0,0,2022-05-01,10291
130,1.0,0.62805714350389,0.0,0.54,0.30839694661979145,2.035351756529193e-35,0.05172603422739071,0.2448979591836735,230,0,0,0,0,0,0,0,0,0,0,0,0,0,0,0,0,0,0,2022-05-08,9743
131,1.0,0.7470007501508245,0.0,0.54,0.3120111152265925,8.141407025566787e-36,0.04952999662712088,0.2448979591836735,231,0,0,0,0,0,0,0,0,0,0,0,0,0,0,0,0,0,0,2022-05-15,10759
132,1.0,0.6460736106378411,0.0,0.55,0.2905779236460707,3.25656280967673e-36,0.06457597043598129,0.2448979591836735,232,0,0,0,0,0,0,0,0,0,0,0,0,0,0,0,0,0,0,2022-05-22,9845
133,1.0,0.5732108245519132,0.0,0.52,0.38068837954927237,1.3026251233207076e-36,0.080201199571791,0.2448979591836735,233,0,0,0,0,0,0,0,0,0,0,0,0,0,0,0,0,0,0,2022-05-29,9499
134,1.0,0.5996683384067256,0.0,0.5,0.3940488499594224,5.210500487782985e-37,0.09049581323048496,0.40680272108843546,234,0,0,0,0,0,0,0,0,0,0,0,0,0,0,0,0,0,0,2022-06-05,10021
135,1.0,0.5630659455826548,0.0,0.54,0.4539755399873685,2.0842001896133483e-37,0.09128037424293528,0.40680272108843546,235,0,0,0,0,0,0,0,0,0,0,0,0,0,0,0,0,0,0,2022-06-12,10112
136,1.0,0.5482324249484887,0.0,0.45,0.48814019600803654,8.336800703454939e-38,0.08289217052103649,0.40680272108843546,236,0,0,0,0,0,0,0,0,0,0,0,0,0,0,0,0,0,0,2022-06-19,10034
137,1.0,0.5485743918729864,0.0,0.47000000000000003,0.475428506654356,3.3347202263835196e-38,0.06987359035649866,0.40680272108843546,237,0,0,0,0,0,0,0,0,0,0,0,0,0,0,1,0,0,0,2022-06-26,9209
138,1.0,0.5559932625646005,0.0,0.43,0.510072176038165,1.333888035554951e-38,0.06264756346145385,0.40680272108843546,238,0,0,0,0,0,0,0,0,0,0,0,0,0,0,0,0,0,0,2022-07-03,10265
139,1.0,0.6089718159266746,0.0,0.45,0.44215508529036335,5.33555159223524e-39,0.0627612148230705,0.40680272108843546,239,0,0,0,0,0,0,0,0,0,0,0,0,0,0,0,0,0,0,2022-07-10,10033
140,1.0,0.6101706458097598,0.0,0.48,0.41550269661979555,2.1342200869095313e-39,0.07072780865510112,0.40680272108843546,240,0,0,0,0,0,0,0,0,0,0,0,0,0,0,0,0,0,0,2022-07-17,9790
141,1.0,0.6111403594460636,0.0,0.44,0.437146146258812,8.536874847792479e-40,0.07964760745552932,0.40680272108843546,241,0,0,0,0,0,0,0,0,0,0,0,0,0,0,0,0,0,0,2022-07-24,9629
142,1.0,0.6451477728019566,0.0,0.44,0.4975101423754845,3.4147444392713438e-40,0.0893739643061401,0.40680272108843546,242,0,0,0,0,0,0,0,0,0,0,0,0,0,0,0,0,0,0,2022-07-31,10134
143,1.0,0.7267513590970145,0.0,0.44,0.5042632593424633,1.3658922758628901e-40,0.09389435556011791,0.40680272108843546,243,0,0,0,0,0,0,0,0,0,0,0,0,0,0,0,0,0,0,2022-08-07,12029
144,1.0,0.832744074444703,0.0,0.46,0.5840915039533217,5.463514104995084e-41,0.08482790984147467,0.40680272108843546,244,0,0,1,0,0,0,0,0,0,0,0,0,0,0,0,0,0,0,2022-08-14,12886
145,1.0,0.8546151893753493,0.0,0.49,0.6374603327364593,2.1853506435415578e-41,0.07962194424484169,0.40680272108843546,245,0,1,0,0,0,0,0,0,0,0,0,0,0,0,0,0,0,0,2022-08-21,12027
146,1.0,0.9999999999999998,0.0,0.55,0.6022458246191313,8.740852589601472e-42,0.07178366646624922,0.40680272108843546,246,1,0,0,0,0,0,0,0,0,0,0,0,0,0,0,0,0,0,2022-08-28,11375
147,1.0,0.860672618209781,0.0,0.48,0.5735957859704555,3.495791051275827e-42,0.05725095687114135,0.40680272108843546,247,0,0,0,0,0,0,0,0,0,0,0,0,0,0,0,0,0,0,2022-09-04,10824
148,1.0,0.8622728019659036,0.0,0.54,0.5790428094946118,1.39776643594557e-42,0.050739833702394745,0.40680272108843546,248,0,0,0,0,0,0,0,0,0,0,0,0,0,0,0,0,0,0,2022-09-11,12285
149,1.0,0.7774120906393625,0.0,0.55,0.7618650061054455,5.585565898134668e-43,0.0440857297883885,0.40680272108843546,249,0,0,0,0,0,0,0,0,0,0,0,0,0,0,0,0,0,0,2022-09-18,12146
150,1.0,0.6580209603679659,0.0,0.52,0.8137272725878776,2.2287265136062566e-43,0.039975949905412735,0.40680272108843546,250,0,0,0,0,0,0,0,0,0,0,0,0,0,0,0,0,0,0,2022-09-25,10881
151,1.0,0.9480011027127861,0.0,0.52,0.7867690657367606,8.859907597948911e-44,0.03648941942485079,0.40680272108843546,251,0,0,0,0,0,0,0,0,0,0,0,0,0,0,0,0,0,0,2022-10-02,11373
152,1.0,0.709096498806814,0.0,0.46,0.7292818780372798,3.4889645827034517e-44,0.04076784326377381,0.40680272108843546,252,0,0,0,0,0,0,0,0,0,0,0,0,0,0,0,0,0,0,2022-10-09,10230
153,1.0,0.5414415970743589,0.0,0.45,0.6974583695681711,1.340587376605267e-44,0.04368978310920796,0.0,253,0,0,0,0,0,0,0,0,0,0,0,0,0,0,0,0,0,0,2022-10-16,11557
154,1.0,0.6081525119323576,0.0,0.54,0.6240593695822464,4.812364941659934e-45,0.041156457597043596,0.0,254,0,0,0,0,0,0,0,0,0,0,0,0,0,0,0,0,0,0,2022-10-23,10805
155,1.0,0.5960421531458853,0.0,0.45,0.5899287906913332,1.3749614119028383e-45,0.03843982343711047,0.0,255,0,0,0,0,0,0,0,0,0,0,0,0,0,0,0,0,0,0,2022-10-30,9709
156,1.0,0.848521629204434,0.0,0.47000000000000003,0.6201930426013046,0.0,0.040723849188309305,0.0,256,0,0,0,0,0,0,0,0,0,0,0,0,0,0,0,0,0,0,2022-11-06,10098
